"","lag","mean_value","upper_sd","lower_sd"
"1",1,0.220160088673544,0.123439213438038,0.123439213438038
"2",2,0.142511713517812,0.146780262887368,0.146780262887368
"3",3,0.0826067790694866,0.167190913228347,0.167190913228347
"4",4,0.045157649778049,0.186433722702682,0.186433722702682
"5",5,0.0157724077869046,0.194019018994391,0.194019018994391
"6",6,-0.0138858613547876,0.189515252870908,0.189515252870908
"7",7,-0.0440272036942696,0.176398959034979,0.176398959034979
"8",8,-0.0715247168534843,0.165997115135851,0.165997115135851
"9",9,-0.0901191146265933,0.161234537318886,0.161234537318886
"10",10,-0.0981730023156285,0.162661187405795,0.162661187405795
"11",11,-0.0990237459859782,0.1644061937034,0.1644061937034
"12",12,-0.0972817275948514,0.164768768897023,0.164768768897023
"13",13,-0.0934321780907958,0.165303556221661,0.165303556221661
"14",14,-0.0840150980363358,0.167188541069591,0.167188541069591
"15",15,-0.0706285076843163,0.168173050906264,0.168173050906264
"16",16,-0.055955900714341,0.168575944830221,0.168575944830221
"17",17,-0.039598690245126,0.170635348225437,0.170635348225437
"18",18,-0.0225509751650256,0.175694247868758,0.175694247868758
"19",19,-0.00131377229182708,0.178713705107978,0.178713705107978
"20",20,0.0240968937697772,0.181569659180671,0.181569659180671
"21",21,0.047711598124233,0.182036664030279,0.182036664030279
"22",22,0.0637639572162157,0.178003541930542,0.178003541930542
"23",23,0.0750157568993226,0.174324047247001,0.174324047247001
"24",24,0.0836422556407295,0.172781241763033,0.172781241763033
"25",25,0.0899367392210633,0.171830084679799,0.171830084679799
"26",26,0.0902191479019612,0.17315839190532,0.17315839190532
"27",27,0.080173615695732,0.174176045460052,0.174176045460052
"28",28,0.0632154263488141,0.1763169535849,0.1763169535849
"29",29,0.045815778109961,0.179354937424941,0.179354937424941
"30",30,0.0288440855492826,0.183746475062436,0.183746475062436
"31",31,0.0140229187760811,0.186411231402018,0.186411231402018
"32",32,0.00195400603038038,0.185839175761291,0.185839175761291
"33",33,-0.00864204854351366,0.185976329438723,0.185976329438723
"34",34,-0.0220098787586388,0.185848180408416,0.185848180408416
"35",35,-0.0353119048211326,0.182798397132936,0.182798397132936
"36",36,-0.0413309159100648,0.180485617546865,0.180485617546865
"37",37,-0.0430665644470956,0.179697333526017,0.179697333526017
"38",38,-0.0446142864693123,0.178465442176592,0.178465442176592
"39",39,-0.0453659880631236,0.177426792074741,0.177426792074741
"40",40,-0.0448883887504336,0.175709037294443,0.175709037294443
"41",41,-0.0427877240454859,0.173901464182122,0.173901464182122
"42",42,-0.0378372364839117,0.175554401556256,0.175554401556256
"43",43,-0.0306892375658088,0.180399466903673,0.180399466903673
"44",44,-0.0219783144473203,0.183452927737994,0.183452927737994
"45",45,-0.0114407602245418,0.183325601359222,0.183325601359222
"46",46,0.0023267531927801,0.183273982714955,0.183273982714955
"47",47,0.0166840779154049,0.184916013194905,0.184916013194905
"48",48,0.0291219912010136,0.185433662432771,0.185433662432771
"49",49,0.038702294025606,0.182595930893986,0.182595930893986
"50",50,0.0473941257134709,0.177194678290111,0.177194678290111
"51",51,0.0570117074916428,0.175415989092463,0.175415989092463
"52",52,0.0633994085967213,0.177378408787488,0.177378408787488
"53",53,0.064749059454447,0.179611189250977,0.179611189250977
"54",54,0.0597130000581936,0.18151039161224,0.18151039161224
"55",55,0.0484325639904325,0.181681239867173,0.181681239867173
"56",56,0.0352997138365199,0.183559156667756,0.183559156667756
"57",57,0.0226803403658641,0.186331442149481,0.186331442149481
"58",58,0.0092042353575568,0.185172815199251,0.185172815199251
"59",59,-0.00578355081761409,0.180256662490534,0.180256662490534
"60",60,-0.0196085427749613,0.178013106857551,0.178013106857551
"61",61,-0.0308763800961197,0.176895759146746,0.176895759146746
"62",62,-0.0375886030999004,0.176360084653068,0.176360084653068
"63",63,-0.040685813706808,0.175881941280416,0.175881941280416
"64",64,-0.0412425274104197,0.175309556567676,0.175309556567676
"65",65,-0.0375889187785661,0.17499487602446,0.17499487602446
"66",66,-0.0294217518047306,0.178779139219153,0.178779139219153
"67",67,-0.021622671935959,0.185502778066602,0.185502778066602
"68",68,-0.0188926124110608,0.187206858614522,0.187206858614522
"69",69,-0.0173917407771167,0.183370985313949,0.183370985313949
"70",70,-0.0105501758012148,0.179184332557204,0.179184332557204
"71",71,-0.00190203869129899,0.178614260220103,0.178614260220103
"72",72,0.00544537117260234,0.180135199365847,0.180135199365847
"73",73,0.0129599001043083,0.182277713849536,0.182277713849536
"74",74,0.0206533136532491,0.183731339396148,0.183731339396148
"75",75,0.0269030185264608,0.183329649343034,0.183329649343034
"76",76,0.0334078884140011,0.183549694211007,0.183549694211007
"77",77,0.0390450446969483,0.182592227803436,0.182592227803436
"78",78,0.0454702411148655,0.183793520974652,0.183793520974652
"79",79,0.0508212291581802,0.186520488996374,0.186520488996374
"80",80,0.0497260344353546,0.185164407743765,0.185164407743765
"81",81,0.0435703029258647,0.185555739649387,0.185555739649387
"82",82,0.0345216045150684,0.185395496125608,0.185395496125608
"83",83,0.0220414226528253,0.183520272852551,0.183520272852551
"84",84,0.00826048931469602,0.182240736895846,0.182240736895846
"85",85,-0.00281082190082695,0.181991860774109,0.181991860774109
"86",86,-0.0104619003736822,0.179673818709475,0.179673818709475
"87",87,-0.0173381804237656,0.177149121595847,0.177149121595847
"88",88,-0.0231368717915709,0.176311945496328,0.176311945496328
"89",89,-0.0261816640554585,0.177519068907786,0.177519068907786
"90",90,-0.0273240064101418,0.178784071589959,0.178784071589959
"91",91,-0.0279844168116701,0.180715143085244,0.180715143085244
"92",92,-0.0266337651574839,0.178652712622663,0.178652712622663
"93",93,-0.0238122269671244,0.179417652413862,0.179417652413862
"94",94,-0.0207944346788125,0.182600906670348,0.182600906670348
"95",95,-0.0178388509519373,0.182645220601325,0.182645220601325
"96",96,-0.0142279282068805,0.178995938076728,0.178995938076728
"97",97,-0.00986021762271569,0.177040797776107,0.177040797776107
"98",98,-0.00424741166431933,0.179651456173453,0.179651456173453
"99",99,0.00339704252028039,0.184608308945798,0.184608308945798
"100",100,0.0115450177150992,0.185065690542929,0.185065690542929
"101",101,0.0205891583454211,0.182190198124437,0.182190198124437
"102",102,0.0301975922035151,0.182332684433997,0.182332684433997
"103",103,0.0402113832227373,0.182535615876649,0.182535615876649
"104",104,0.0478500680898834,0.184271818105996,0.184271818105996
"105",105,0.0508415147143369,0.18438595976745,0.18438595976745
"106",106,0.04761565667405,0.182110386546408,0.182110386546408
"107",107,0.0396721240613625,0.180709993766162,0.180709993766162
"108",108,0.0290159541346298,0.181086292916514,0.181086292916514
"109",109,0.0189361477157,0.183983250410192,0.183983250410192
"110",110,0.011823593014328,0.187116388320268,0.187116388320268
"111",111,0.00496772586975367,0.190466778790272,0.190466778790272
"112",112,-0.00491961928957793,0.189727073505443,0.189727073505443
"113",113,-0.0161274246278643,0.183436051142403,0.183436051142403
"114",114,-0.022902431479552,0.178189970916774,0.178189970916774
"115",115,-0.0241956215914498,0.180872597021377,0.180872597021377
"116",116,-0.0232713372647924,0.183810916899067,0.183810916899067
"117",117,-0.0215958530329099,0.18384886998065,0.18384886998065
"118",118,-0.0187850376964571,0.181113670439026,0.181113670439026
"119",119,-0.0138109278666019,0.182959282310951,0.182959282310951
"120",120,-0.00949333857797955,0.185098239330996,0.185098239330996
"121",121,-0.00759253030356685,0.18385128321983,0.18385128321983
"122",122,-0.00672848404711165,0.182887593039089,0.182887593039089
"123",123,-0.00473681954285715,0.183564086966342,0.183564086966342
"124",124,-0.00260641532732145,0.183526645034569,0.183526645034569
"125",125,-0.000344222695771065,0.186542004256992,0.186542004256992
"126",126,0.000995594500563105,0.188187722333707,0.188187722333707
"127",127,0.00227617935241493,0.188068934850512,0.188068934850512
"128",128,0.00486364811727382,0.186053612220664,0.186053612220664
"129",129,0.010246061751927,0.18597323239531,0.18597323239531
"130",130,0.0184684766742083,0.185742850081947,0.185742850081947
"131",131,0.0266647192783727,0.185796787044175,0.185796787044175
"132",132,0.0336264430639248,0.185775707598855,0.185775707598855
"133",133,0.0406361496956621,0.186010739539911,0.186010739539911
"134",134,0.0440286611730237,0.186382079428871,0.186382079428871
"135",135,0.0413891654491297,0.186364655603834,0.186364655603834
"136",136,0.035056579729552,0.187453011914654,0.187453011914654
"137",137,0.0263801821298794,0.188762122615436,0.188762122615436
"138",138,0.0159707235029242,0.188404320251943,0.188404320251943
"139",139,0.00406332218303294,0.183921302273521,0.183921302273521
"140",140,-0.00507654393123145,0.182204444037563,0.182204444037563
"141",141,-0.0103100015357306,0.181682365065335,0.181682365065335
"142",142,-0.0144493385393794,0.18240990144901,0.18240990144901
"143",143,-0.0185940701524442,0.180313385697687,0.180313385697687
"144",144,-0.021687016710459,0.179052395513288,0.179052395513288
"145",145,-0.0226205281509972,0.181044096551046,0.181044096551046
"146",146,-0.0217032617543964,0.185464492161345,0.185464492161345
"147",147,-0.0213404793351814,0.188017537924797,0.188017537924797
"148",148,-0.0238486902825463,0.186871158998235,0.186871158998235
"149",149,-0.0260222379723244,0.183028444062793,0.183028444062793
"150",150,-0.0254375715124678,0.179592285134198,0.179592285134198
"151",151,-0.0222494989219577,0.17979418208446,0.17979418208446
"152",152,-0.0175110667419365,0.180791970968506,0.180791970968506
"153",153,-0.00750439375966067,0.182000010160952,0.182000010160952
"154",154,0.0056813195228417,0.183181756379596,0.183181756379596
"155",155,0.0181325086788062,0.185988083539045,0.185988083539045
"156",156,0.0273622690977586,0.188307433857553,0.188307433857553
"157",157,0.0348390304588552,0.186153634906107,0.186153634906107
"158",158,0.0417760385689235,0.183863072606833,0.183863072606833
"159",159,0.0493750773051105,0.188290525991027,0.188290525991027
"160",160,0.0529902179117317,0.191691924294719,0.191691924294719
"161",161,0.0493458686050555,0.191411037637043,0.191411037637043
"162",162,0.0387583748933796,0.188416516208265,0.188416516208265
"163",163,0.0258122144908385,0.184469841189756,0.184469841189756
"164",164,0.0141594411891906,0.18289040034898,0.18289040034898
"165",165,0.00559653740457469,0.183718283622281,0.183718283622281
"166",166,-0.00121184631128799,0.185273264068355,0.185273264068355
"167",167,-0.00626156989488084,0.18197543067601,0.18197543067601
"168",168,-0.00906755987624521,0.178504783232118,0.178504783232118
"169",169,-0.0103205755209463,0.179552455737507,0.179552455737507
"170",170,-0.0109898661883089,0.1849343937239,0.1849343937239
"171",171,-0.0118037884565692,0.188625796367625,0.188625796367625
"172",172,-0.0118769663650678,0.186965552934812,0.186965552934812
"173",173,-0.0109991527070666,0.182167178374114,0.182167178374114
"174",174,-0.0112326430634248,0.180858772190876,0.180858772190876
"175",175,-0.0129983813477994,0.1809608337835,0.1809608337835
"176",176,-0.0160764140459245,0.181875945034444,0.181875945034444
"177",177,-0.0188752420388834,0.179481253580665,0.179481253580665
"178",178,-0.0200979970734634,0.177129885721581,0.177129885721581
"179",179,-0.0185470306871203,0.179450291678513,0.179450291678513
"180",180,-0.0141893806815861,0.183781416044579,0.183781416044579
"181",181,-0.00782739206780098,0.185462904956052,0.185462904956052
"182",182,0.00149894799955298,0.185117210452057,0.185117210452057
"183",183,0.011157668028462,0.184598137826736,0.184598137826736
"184",184,0.0196615853094446,0.18676066104062,0.18676066104062
"185",185,0.026991659764279,0.18764564393218,0.18764564393218
"186",186,0.0349060422761122,0.188224478143614,0.188224478143614
"187",187,0.0410297326549076,0.186388508096967,0.186388508096967
"188",188,0.0416912982762625,0.185608936220664,0.185608936220664
"189",189,0.0377291799951379,0.185993982782553,0.185993982782553
"190",190,0.0325338268244826,0.184836227050515,0.184836227050515
"191",191,0.0266693790311184,0.184043019229366,0.184043019229366
"192",192,0.0203815811045496,0.184373615424739,0.184373615424739
"193",193,0.014378555537272,0.189253312988226,0.189253312988226
"194",194,0.00734878580265138,0.191138151145785,0.191138151145785
"195",195,-0.00334887981925047,0.187719814694759,0.187719814694759
"196",196,-0.0136196735021549,0.183015326151562,0.183015326151562
"197",197,-0.0182844359843257,0.182944665528374,0.182944665528374
"198",198,-0.0207670441611966,0.183607109501753,0.183607109501753
"199",199,-0.0229025317042742,0.18173086651106,0.18173086651106
"200",200,-0.0224587781241785,0.178750424806369,0.178750424806369
"201",201,-0.019694630786862,0.17755578907007,0.17755578907007
"202",202,-0.0146661399425355,0.179071115026034,0.179071115026034
"203",203,-0.00909149257668911,0.183749421203704,0.183749421203704
"204",204,-0.00619431192088435,0.188202437968328,0.188202437968328
"205",205,-0.00563978048447732,0.185191397343834,0.185191397343834
"206",206,-0.00424420275389104,0.180615117775022,0.180615117775022
"207",207,0.00107354904455398,0.180848711581268,0.180848711581268
"208",208,0.00958516474625762,0.181318939063878,0.181318939063878
"209",209,0.0177230775437229,0.180545109151623,0.180545109151623
"210",210,0.0225446707670446,0.179683974787514,0.179683974787514
"211",211,0.021644504974868,0.178614863661632,0.178614863661632
"212",212,0.0197842596161756,0.178755636126639,0.178755636126639
"213",213,0.0206537758524856,0.182516129033805,0.182516129033805
"214",214,0.0228426238109186,0.187319224400859,0.187319224400859
"215",215,0.0215811297795285,0.188614384654071,0.188614384654071
"216",216,0.0159085453162715,0.18659207671939,0.18659207671939
"217",217,0.00879615720119745,0.18272467301036,0.18272467301036
"218",218,0.0020867319426886,0.180078734141922,0.180078734141922
"219",219,-0.00167069691769578,0.18077732397436,0.18077732397436
"220",220,-0.00419327013909269,0.182026513605856,0.182026513605856
"221",221,-0.00559208428951459,0.183997472261766,0.183997472261766
"222",222,-0.00770278160048795,0.183821598933611,0.183821598933611
"223",223,-0.00904890310455144,0.183676252649603,0.183676252649603
"224",224,-0.00834225507735234,0.183077944821661,0.183077944821661
"225",225,-0.0047623474504076,0.180614954787708,0.180614954787708
"226",226,0.00193004093819484,0.180435227680287,0.180435227680287
"227",227,0.00572330291655929,0.187432416650316,0.187432416650316
"228",228,0.00339089928163084,0.190745798043943,0.190745798043943
"229",229,-0.00146274462939071,0.187000114993515,0.187000114993515
"230",230,-0.00189516170868647,0.181380412309089,0.181380412309089
"231",231,-0.000651777602624895,0.181328315215614,0.181328315215614
"232",232,0.000122138745976373,0.184529778492136,0.184529778492136
"233",233,0.000178216501500258,0.186171581863719,0.186171581863719
"234",234,0.00217334585889681,0.183337832741283,0.183337832741283
"235",235,0.0073721147426807,0.181335530051178,0.181335530051178
"236",236,0.0117970905254617,0.180433753492811,0.180433753492811
"237",237,0.0153645467389319,0.183694360117445,0.183694360117445
"238",238,0.0168572370886289,0.185756477077794,0.185756477077794
"239",239,0.020602375276152,0.184905758275492,0.184905758275492
"240",240,0.0247185771460041,0.183350534207285,0.183350534207285
"241",241,0.0273318555899612,0.186915073450175,0.186915073450175
"242",242,0.0232209786851468,0.187311486600933,0.187311486600933
"243",243,0.0130548875678979,0.182033337833181,0.182033337833181
"244",244,0.00584066231054662,0.179026063435212,0.179026063435212
"245",245,0.00038473975804912,0.182058242416822,0.182058242416822
"246",246,-0.00483021051903936,0.180767718180767,0.180767718180767
"247",247,-0.0094194484531966,0.177426443809138,0.177426443809138
"248",248,-0.0128794175097186,0.173975991424161,0.173975991424161
"249",249,-0.0157592170904759,0.174402113998288,0.174402113998288
"250",250,-0.015295389376588,0.17868515192422,0.17868515192422
"251",251,-0.00757206847080752,0.181904410974287,0.181904410974287
"252",252,0.00101167146475305,0.184925862647146,0.184925862647146
"253",253,0.0051509775570222,0.186018991071993,0.186018991071993
"254",254,0.00522694337323791,0.185288250695916,0.185288250695916
"255",255,0.00524596337311691,0.182065141888601,0.182065141888601
"256",256,0.00752325602739496,0.181692642474132,0.181692642474132
"257",257,0.00856298765491391,0.182578350735394,0.182578350735394
"258",258,0.00782233455747742,0.181992345921097,0.181992345921097
"259",259,0.00506248102709985,0.181106322097773,0.181106322097773
"260",260,0.00465307907885995,0.180881201924096,0.180881201924096
"261",261,0.0055884913722217,0.183319941061517,0.183319941061517
"262",262,0.0047715029174626,0.183446963863378,0.183446963863378
"263",263,0.00413872489144659,0.181158465163902,0.181158465163902
"264",264,0.00335741340247727,0.181608845308649,0.181608845308649
"265",265,0.00520058611593254,0.182894851079233,0.182894851079233
"266",266,0.0088376832511844,0.185107752002843,0.185107752002843
"267",267,0.0120911870244315,0.187416051331928,0.187416051331928
"268",268,0.0114159191286668,0.18681950733179,0.18681950733179
"269",269,0.0068806888755607,0.184661451344433,0.184661451344433
"270",270,0.00304366618484464,0.185415946175821,0.185415946175821
"271",271,0.00126297270324891,0.189940480376871,0.189940480376871
"272",272,0.00140255654411201,0.189865250154889,0.189865250154889
"273",273,0.00144053031694098,0.184214785652855,0.184214785652855
"274",274,0.00210611964328928,0.18056085576304,0.18056085576304
"275",275,0.000980064863859352,0.180798560622089,0.180798560622089
"276",276,-0.00189492995743688,0.179811381846509,0.179811381846509
"277",277,-0.000431230281354784,0.178629345097644,0.178629345097644
"278",278,0.00496276644742635,0.179158537032211,0.179158537032211
"279",279,0.0115160839319362,0.182231421356415,0.182231421356415
"280",280,0.018531098576846,0.185232652091735,0.185232652091735
"281",281,0.0224664299372843,0.183842087515061,0.183842087515061
"282",282,0.0202003842159099,0.182461293915766,0.182461293915766
"283",283,0.014842080614208,0.182189222530766,0.182189222530766
"284",284,0.00908476751952488,0.186274163840493,0.186274163840493
"285",285,0.00368879529954965,0.186843423368709,0.186843423368709
"286",286,-0.00336622350587214,0.183249278078276,0.183249278078276
"287",287,-0.010415424816944,0.179014456433943,0.179014456433943
"288",288,-0.0136130109011734,0.17892406991703,0.17892406991703
"289",289,-0.0130688711872985,0.183271180524832,0.183271180524832
"290",290,-0.0113237111656795,0.185639393243713,0.185639393243713
"291",291,-0.00882074291377689,0.186488503896666,0.186488503896666
"292",292,-0.00545199709106728,0.187441360554987,0.187441360554987
"293",293,-0.00225533147577268,0.188765984267804,0.188765984267804
"294",294,0.00128229819243755,0.190411763735538,0.190411763735538
"295",295,0.00464869766517429,0.19086503266996,0.19086503266996
"296",296,0.00904228909738426,0.190901146767242,0.190901146767242
"297",297,0.012646034409776,0.187678646296599,0.187678646296599
"298",298,0.0127613500352326,0.184399157846107,0.184399157846107
"299",299,0.0117189811939279,0.186555922838378,0.186555922838378
"300",300,0.0107375467569249,0.187299549211527,0.187299549211527
"301",301,0.00982806296212477,0.184754868875818,0.184754868875818
"302",302,0.0095368016034705,0.182495883820844,0.182495883820844
"303",303,0.0138149654897176,0.182934062659523,0.182934062659523
"304",304,0.0198220843785801,0.184306482918077,0.184306482918077
"305",305,0.0235749112465408,0.187117228181553,0.187117228181553
"306",306,0.0245725768611247,0.189361654369491,0.189361654369491
"307",307,0.0203521769805187,0.184574848783375,0.184574848783375
"308",308,0.0175868717212942,0.180854771113125,0.180854771113125
"309",309,0.0153361634828757,0.184416322723393,0.184416322723393
"310",310,0.00800474183771393,0.187333138315026,0.187333138315026
"311",311,-0.00335743706234078,0.183513604183422,0.183513604183422
"312",312,-0.0154597940777606,0.177922348374284,0.177922348374284
"313",313,-0.0216749735108756,0.174651849455248,0.174651849455248
"314",314,-0.0221910102547966,0.180133538935452,0.180133538935452
"315",315,-0.0222700272694484,0.184586312013745,0.184586312013745
"316",316,-0.0221618521102442,0.184478850614994,0.184478850614994
"317",317,-0.0216355077791719,0.183052763906766,0.183052763906766
"318",318,-0.0168533455277576,0.183212027973231,0.183212027973231
"319",319,-0.00925903150659438,0.185626951562262,0.185626951562262
"320",320,0.000447716112503409,0.189928310367573,0.189928310367573
"321",321,0.00772521294774924,0.191421812439051,0.191421812439051
"322",322,0.0114576349660345,0.188074538215269,0.188074538215269
"323",323,0.0141203783278517,0.183306438991783,0.183306438991783
"324",324,0.0188270915554364,0.183189976413581,0.183189976413581
"325",325,0.0268314047276718,0.185402751156559,0.185402751156559
"326",326,0.032769501373018,0.187293520673499,0.187293520673499
"327",327,0.0339386862003643,0.185968081667096,0.185968081667096
"328",328,0.0305949348677017,0.182133316765238,0.182133316765238
"329",329,0.0270961075545955,0.178992297046428,0.178992297046428
"330",330,0.0250199859549025,0.181221285919682,0.181221285919682
"331",331,0.0225871902623606,0.185199341831953,0.185199341831953
"332",332,0.0177337692298589,0.188125303306848,0.188125303306848
"333",333,0.0111266086506943,0.186764282975719,0.186764282975719
"334",334,0.00641345385168708,0.183951360637522,0.183951360637522
"335",335,0.00275226689403643,0.182790071139881,0.182790071139881
"336",336,-0.0023443281918653,0.182694536213896,0.182694536213896
"337",337,-0.00799413002951396,0.182605079948313,0.182605079948313
"338",338,-0.0159359689806301,0.180172465965719,0.180172465965719
"339",339,-0.023328251150231,0.178617511645007,0.178617511645007
"340",340,-0.0275644512133346,0.179166901921938,0.179166901921938
"341",341,-0.0289911852025349,0.178793546670937,0.178793546670937
"342",342,-0.0293926571766802,0.17661746721182,0.17661746721182
"343",343,-0.0298660377431104,0.174047692572323,0.174047692572323
"344",344,-0.0287737159563555,0.177888548686807,0.177888548686807
"345",345,-0.0217510067969657,0.183435027443158,0.183435027443158
"346",346,-0.00970559376743426,0.186957964038472,0.186957964038472
"347",347,0.00308001505572545,0.189087084974343,0.189087084974343
"348",348,0.0150930939256276,0.191055265291544,0.191055265291544
"349",349,0.0254818652270347,0.189709733149817,0.189709733149817
"350",350,0.0336574434176907,0.188999769582111,0.188999769582111
"351",351,0.0386798367244541,0.188650803338521,0.188650803338521
"352",352,0.0406417467640836,0.187848874523193,0.187848874523193
"353",353,0.0378064531653478,0.18784494744944,0.18784494744944
"354",354,0.0311529729504984,0.186159301143268,0.186159301143268
"355",355,0.0272633265257225,0.182963572184608,0.182963572184608
"356",356,0.0294709208899721,0.184421489228812,0.184421489228812
"357",357,0.0312433239352331,0.189803608128006,0.189803608128006
"358",358,0.0263645227555189,0.19269489739575,0.19269489739575
"359",359,0.0153857630925507,0.189465012996506,0.189465012996506
"360",360,0.00389524605980271,0.184151102687934,0.184151102687934
"361",361,9.35698075489718e-05,0.183531374521888,0.183531374521888
"362",362,0.00300519959237879,0.185211706972045,0.185211706972045
"363",363,0.00346956857301976,0.188898470470971,0.188898470470971
"364",364,-0.0072379159943322,0.187678965766572,0.187678965766572
"365",365,-0.0248175832607784,0.180967044831072,0.180967044831072
"366",366,-0.0364033382769164,0.176637532604382,0.176637532604382
"367",367,-0.0396404629581817,0.174066059857697,0.174066059857697
"368",368,-0.0364691614537656,0.175992617637271,0.175992617637271
"369",369,-0.0303414174550958,0.181393730394722,0.181393730394722
"370",370,-0.0224360546546554,0.181729759812848,0.181729759812848
"371",371,-0.0138443163094836,0.181276286474271,0.181276286474271
"372",372,-0.00450014232291749,0.181458704683684,0.181458704683684
"373",373,0.00716843634871394,0.184187199344516,0.184187199344516
"374",374,0.0174367967423329,0.1863393201848,0.1863393201848
"375",375,0.0236609856362837,0.1848615214157,0.1848615214157
"376",376,0.0265568381587366,0.181890239354141,0.181890239354141
"377",377,0.0295634447373749,0.182193113307478,0.182193113307478
"378",378,0.0315200589177166,0.183688922973789,0.183688922973789
"379",379,0.0298217376460498,0.186368241952329,0.186368241952329
"380",380,0.0247831417025477,0.182622700813952,0.182622700813952
"381",381,0.0214064306161614,0.180298857986375,0.180298857986375
"382",382,0.0242817460332461,0.17998215667459,0.17998215667459
"383",383,0.0269905436578521,0.182125052060399,0.182125052060399
"384",384,0.0263824985711072,0.183130712797725,0.183130712797725
"385",385,0.0215203485731801,0.180420161885879,0.180420161885879
"386",386,0.0149215379714241,0.178411725566701,0.178411725566701
"387",387,0.01052603846249,0.181939889852,0.181939889852
"388",388,0.0065451668675922,0.184089890450084,0.184089890450084
"389",389,0.00263535986966396,0.183117225833249,0.183117225833249
"390",390,-0.00537070149343097,0.179932565865548,0.179932565865548
"391",391,-0.0161312992732446,0.176235598416501,0.176235598416501
"392",392,-0.0256700048537584,0.174863706637895,0.174863706637895
"393",393,-0.0333772386660756,0.177127797708568,0.177127797708568
"394",394,-0.0350543995233534,0.177393304665008,0.177393304665008
"395",395,-0.0308638095838841,0.177828434384211,0.177828434384211
"396",396,-0.0243384033982298,0.178768713018228,0.178768713018228
"397",397,-0.0214575175606954,0.18058758774759,0.18058758774759
"398",398,-0.0201182610951468,0.180849311536326,0.180849311536326
"399",399,-0.0160710693807404,0.181802126705798,0.181802126705798
"400",400,-0.0062428203232445,0.185909433863019,0.185909433863019
"401",401,0.00729759029823581,0.188538497348549,0.188538497348549
"402",402,0.0173937252038336,0.187241575731579,0.187241575731579
"403",403,0.0242544919558642,0.18414228453901,0.18414228453901
"404",404,0.0280865197615252,0.179638521478812,0.179638521478812
"405",405,0.0302100822810541,0.179956901898959,0.179956901898959
"406",406,0.0344536357238309,0.178554460131926,0.178554460131926
"407",407,0.0423257777275209,0.177193732521965,0.177193732521965
"408",408,0.0487419700209816,0.180045143688615,0.180045143688615
"409",409,0.0465328618899675,0.179861840880445,0.179861840880445
"410",410,0.037768248845025,0.182130902792951,0.182130902792951
"411",411,0.0275521414985522,0.184892445087079,0.184892445087079
"412",412,0.0182745610994427,0.18649241923144,0.18649241923144
"413",413,0.01159780239748,0.186400261702071,0.186400261702071
"414",414,0.00600032575680046,0.184765185375145,0.184765185375145
"415",415,3.80749851603369e-05,0.182021695376242,0.182021695376242
"416",416,-0.0070329156902602,0.18184933752358,0.18184933752358
"417",417,-0.0181785450465731,0.181068948372189,0.181068948372189
"418",418,-0.0295800867187314,0.177411944405349,0.177411944405349
"419",419,-0.0353139979282883,0.172143682158547,0.172143682158547
"420",420,-0.0382511447508635,0.172227413764715,0.172227413764715
"421",421,-0.0360215076435151,0.178239310140877,0.178239310140877
"422",422,-0.0330041411664974,0.180154496471488,0.180154496471488
"423",423,-0.028734747922218,0.178619753731125,0.178619753731125
"424",424,-0.0220003826976433,0.176818194376648,0.176818194376648
"425",425,-0.0142643973341109,0.180338807359914,0.180338807359914
"426",426,-0.00630643267254388,0.18496825806361,0.18496825806361
"427",427,0.00514521822318107,0.182426240979026,0.182426240979026
"428",428,0.0207782143413254,0.177256355471787,0.177256355471787
"429",429,0.037441020911906,0.177426956363837,0.177426956363837
"430",430,0.0454938909084282,0.179587782624104,0.179587782624104
"431",431,0.0443445560727949,0.18453226796,0.18453226796
"432",432,0.0390289175434849,0.187192013586144,0.187192013586144
"433",433,0.0316531229057171,0.183884196585887,0.183884196585887
"434",434,0.0238039464164908,0.179439195806151,0.179439195806151
"435",435,0.0173828286190782,0.177955657076706,0.177955657076706
"436",436,0.0114217889059946,0.180615274486145,0.180615274486145
"437",437,0.00494641508819943,0.181450717489161,0.181450717489161
"438",438,-0.000882648127541216,0.179887925051675,0.179887925051675
"439",439,-0.00112006473226813,0.177967601984342,0.177967601984342
"440",440,0.00244510139099399,0.177546082490086,0.177546082490086
"441",441,0.00623256440536282,0.178378782507024,0.178378782507024
"442",442,0.0087558343944602,0.182026470601607,0.182026470601607
"443",443,0.0073938526081866,0.183526351068298,0.183526351068298
"444",444,0.00485716778335496,0.182984133036266,0.182984133036266
"445",445,0.0016607055400927,0.181238187234306,0.181238187234306
"446",446,-0.0037374833038501,0.179835888364445,0.179835888364445
"447",447,-0.00934635220166074,0.179035970963289,0.179035970963289
"448",448,-0.016468222225293,0.175163337794845,0.175163337794845
"449",449,-0.0179505694079072,0.173185601473595,0.173185601473595
"450",450,-0.015572115460592,0.177237264957202,0.177237264957202
"451",451,-0.0112912150480862,0.184034420555098,0.184034420555098
"452",452,-0.00797368776021086,0.18736478519485,0.18736478519485
"453",453,-0.00491989498970808,0.183845100128315,0.183845100128315
"454",454,-0.00122677565362111,0.179961449896878,0.179961449896878
"455",455,0.00269019231912013,0.1849386338111,0.1849386338111
"456",456,0.00540828995585053,0.189138539057017,0.189138539057017
"457",457,0.00562149708780822,0.18866133720965,0.18866133720965
"458",458,0.00365562186009003,0.185721764048024,0.185721764048024
"459",459,0.00267150664989742,0.182697306322353,0.182697306322353
"460",460,0.00484352578225001,0.180466520253854,0.180466520253854
"461",461,0.0118279590507427,0.182152912060875,0.182152912060875
"462",462,0.017141171035296,0.185854737594009,0.185854737594009
"463",463,0.0195481308917378,0.186976389362764,0.186976389362764
"464",464,0.0199052412898144,0.184744772271513,0.184744772271513
"465",465,0.0230359598453568,0.182485975603007,0.182485975603007
"466",466,0.0243411841700649,0.182160382827377,0.182160382827377
"467",467,0.0260746899970894,0.17933597860272,0.17933597860272
"468",468,0.0282379334748992,0.177989549357308,0.177989549357308
"469",469,0.0257562070562504,0.181164366146243,0.181164366146243
"470",470,0.0173667205317625,0.181969535186405,0.181969535186405
"471",471,0.00686145080550956,0.181043431965117,0.181043431965117
"472",472,-0.00017338527571372,0.180585565242948,0.180585565242948
"473",473,-0.00292727693554517,0.180934819214269,0.180934819214269
"474",474,-0.00511931517788604,0.183948481107216,0.183948481107216
"475",475,-0.00757933727121452,0.187150478786731,0.187150478786731
"476",476,-0.0115527628870968,0.186180179557268,0.186180179557268
"477",477,-0.0136741318640923,0.184031316474069,0.184031316474069
"478",478,-0.0152037757358241,0.185034455833695,0.185034455833695
"479",479,-0.0189152600495282,0.183965647074885,0.183965647074885
"480",480,-0.0216410568768674,0.182254370894208,0.182254370894208
"481",481,-0.0184723100194085,0.181538308175509,0.181538308175509
"482",482,-0.00847917753160105,0.184114724283272,0.184114724283272
"483",483,0.000887722160235826,0.187946288245987,0.187946288245987
"484",484,0.00505103444075407,0.188328391097899,0.188328391097899
"485",485,0.00655312280738524,0.186514184584381,0.186514184584381
"486",486,0.0105776357489275,0.187086516229484,0.187086516229484
"487",487,0.0164649507017417,0.190329960445662,0.190329960445662
"488",488,0.0194821773541164,0.18865267693122,0.18865267693122
"489",489,0.0204382646275435,0.184846125377851,0.184846125377851
"490",490,0.0234412156042874,0.181587923333169,0.181587923333169
"491",491,0.0275207109758785,0.182120056441195,0.182120056441195
"492",492,0.027251303232233,0.184933949436306,0.184933949436306
"493",493,0.0234784871496098,0.185367340968598,0.185367340968598
"494",494,0.0201727121091121,0.182721044487938,0.182721044487938
"495",495,0.0192469177159718,0.182937802754644,0.182937802754644
"496",496,0.0191694185448009,0.185872404994313,0.185872404994313
"497",497,0.0144729575249942,0.183664805680312,0.183664805680312
"498",498,0.0068756262829699,0.181943187935379,0.181943187935379
"499",499,-0.002046473590633,0.183983950241204,0.183983950241204
"500",500,-0.0115926489351261,0.18577093724985,0.18577093724985
"501",501,-0.0204409810114674,0.18202493701372,0.18202493701372
"502",502,-0.0232834664631769,0.178307019044213,0.178307019044213
"503",503,-0.0247950064869316,0.180934409127712,0.180934409127712
"504",504,-0.0270214933312444,0.183595568715484,0.183595568715484
"505",505,-0.0280537682366604,0.183852449066868,0.183852449066868
"506",506,-0.0227919862708122,0.18400609680068,0.18400609680068
"507",507,-0.0103026815414228,0.190506294997255,0.190506294997255
"508",508,0.00628733522074263,0.195272073938112,0.195272073938112
"509",509,0.0182274807632954,0.193913502437714,0.193913502437714
"510",510,0.0212004071959385,0.189237645329944,0.189237645329944
"511",511,0.0233590578673415,0.186549491211406,0.186549491211406
"512",512,0.0275915972243101,0.188539675902081,0.188539675902081
"513",513,0.0309325807637444,0.193788247800202,0.193788247800202
"514",514,0.0293199246157969,0.194190272154274,0.194190272154274
"515",515,0.0218477660196238,0.189621449726988,0.189621449726988
"516",516,0.0147049058386785,0.18636613139809,0.18636613139809
"517",517,0.00764025092424674,0.184429661210065,0.184429661210065
"518",518,0.00299563860918346,0.189964387289689,0.189964387289689
"519",519,0.00182840417230979,0.191848265765499,0.191848265765499
"520",520,-0.000268428894813082,0.187665718863007,0.187665718863007
"521",521,-0.00445760504015404,0.184440497625315,0.184440497625315
"522",522,-0.00400285734035627,0.184818915589931,0.184818915589931
"523",523,0.00339952904296795,0.189714456471134,0.189714456471134
"524",524,0.00820329401857729,0.191480492817933,0.191480492817933
"525",525,0.00679839471193115,0.188552555921787,0.188552555921787
"526",526,0.00149210664201684,0.18552206192893,0.18552206192893
"527",527,-0.00602930776019873,0.183697455190547,0.183697455190547
"528",528,-0.0121953577593908,0.183953188822608,0.183953188822608
"529",529,-0.0134357999150918,0.181848662531432,0.181848662531432
"530",530,-0.0121452740107667,0.182430036665709,0.182430036665709
"531",531,-0.00942949409826484,0.184335275137843,0.184335275137843
"532",532,-0.00675629299770405,0.186709251910967,0.186709251910967
"533",533,-0.00477995580105048,0.191211091092078,0.191211091092078
"534",534,2.54000895594841e-05,0.195780648609358,0.195780648609358
"535",535,0.0083196896150224,0.195874685063875,0.195874685063875
"536",536,0.0142345173695835,0.18975862655156,0.18975862655156
"537",537,0.0135336356991715,0.185728679827662,0.185728679827662
"538",538,0.0116820086543704,0.186863512872139,0.186863512872139
"539",539,0.0154556938596835,0.187489267387544,0.187489267387544
"540",540,0.0223758997221984,0.188505556866437,0.188505556866437
"541",541,0.0261676868950302,0.192778396086492,0.192778396086492
"542",542,0.0252696933255776,0.189282352353793,0.189282352353793
"543",543,0.0201373815357646,0.185060363841163,0.185060363841163
"544",544,0.0177121548240024,0.185468598269169,0.185468598269169
"545",545,0.0168471294179345,0.187941709108237,0.187941709108237
"546",546,0.0172212299686409,0.188490749349297,0.188490749349297
"547",547,0.016328474517953,0.188298636011915,0.188298636011915
"548",548,0.0130073113119744,0.191515796825517,0.191515796825517
"549",549,0.00824118763814256,0.19159518019311,0.19159518019311
"550",550,0.00242370528196762,0.186162879722601,0.186162879722601
"551",551,-0.00369325356272254,0.18397505703305,0.18397505703305
"552",552,-0.0121899127574502,0.182481374316342,0.182481374316342
"553",553,-0.0212329108316649,0.183015454910102,0.183015454910102
"554",554,-0.0294893297881506,0.183237009807271,0.183237009807271
"555",555,-0.0336828704689585,0.182877278587923,0.182877278587923
"556",556,-0.0317208285611629,0.182909872615452,0.182909872615452
"557",557,-0.024814740218627,0.184256770944469,0.184256770944469
"558",558,-0.0205212324678165,0.187959197771722,0.187959197771722
"559",559,-0.0171016083655255,0.190150584058733,0.190150584058733
"560",560,-0.00717480042610356,0.187059721719915,0.187059721719915
"561",561,0.00842566281245706,0.184763216508262,0.184763216508262
"562",562,0.0232714921435892,0.185209415954003,0.185209415954003
"563",563,0.031757056853385,0.186209350820147,0.186209350820147
"564",564,0.0380248325359945,0.18542248320551,0.18542248320551
"565",565,0.0461818707090812,0.184616811865212,0.184616811865212
"566",566,0.0515618664043686,0.188317127329038,0.188317127329038
"567",567,0.0490978133436556,0.19032777941513,0.19032777941513
"568",568,0.0381370755716108,0.188055472882684,0.188055472882684
"569",569,0.0262375687873588,0.186035752245718,0.186035752245718
"570",570,0.01582802471659,0.183408052778289,0.183408052778289
"571",571,0.00787872974233012,0.184554734596362,0.184554734596362
"572",572,0.00237292437201403,0.186312587127893,0.186312587127893
"573",573,-0.00228429822711595,0.187779313632523,0.187779313632523
"574",574,-0.00958467010384602,0.188720047175711,0.188720047175711
"575",575,-0.016285898565143,0.185153186521138,0.185153186521138
"576",576,-0.0167829951025284,0.186894129536453,0.186894129536453
"577",577,-0.0123324615004779,0.191035627312964,0.191035627312964
"578",578,-0.00926637409379951,0.191979366533606,0.191979366533606
"579",579,-0.0149422289482936,0.18890381205303,0.18890381205303
"580",580,-0.0266421243566854,0.183159446279821,0.183159446279821
"581",581,-0.033612865465579,0.179376565672471,0.179376565672471
"582",582,-0.0324518542333514,0.180397862492058,0.180397862492058
"583",583,-0.0229431222012593,0.180883762037048,0.180883762037048
"584",584,-0.0145739569783723,0.180242185198967,0.180242185198967
"585",585,-0.0115382651993924,0.183637099997393,0.183637099997393
"586",586,-0.00659060986567638,0.186171368189534,0.186171368189534
"587",587,0.00566430608631663,0.186284155269864,0.186284155269864
"588",588,0.0223600047478915,0.187931027281526,0.187931027281526
"589",589,0.0385658106586854,0.190601452454462,0.190601452454462
"590",590,0.0495290602250327,0.190251676294819,0.190251676294819
"591",591,0.0497084405287152,0.184618689418858,0.184618689418858
"592",592,0.0454377513390383,0.183247883615438,0.183247883615438
"593",593,0.0426288625266815,0.184790391467872,0.184790391467872
"594",594,0.0392650567461499,0.187031251187721,0.187031251187721
"595",595,0.0326128766789021,0.186414324831805,0.186414324831805
"596",596,0.0201575021431742,0.180012051185389,0.180012051185389
"597",597,0.00828045632355548,0.175981495642306,0.175981495642306
"598",598,0.000941898299422864,0.180688608022414,0.180688608022414
"599",599,-0.00486211802722085,0.185295482931983,0.185295482931983
"600",600,-0.0111750092821561,0.184717349868651,0.184717349868651
"601",601,-0.0145499419956283,0.183163420034863,0.183163420034863
"602",602,-0.0145420067412568,0.184219113021,0.184219113021
"603",603,-0.0158984452170462,0.188978807162501,0.188978807162501
"604",604,-0.0211380578520781,0.18374672888283,0.18374672888283
"605",605,-0.026595234682054,0.176754904409916,0.176754904409916
"606",606,-0.0317288207426958,0.176563271805063,0.176563271805063
"607",607,-0.0363968051012211,0.175596664965895,0.175596664965895
"608",608,-0.0345230940839035,0.173679707824788,0.173679707824788
"609",609,-0.0244998651562681,0.173944892793366,0.173944892793366
"610",610,-0.00865464885791602,0.178266665562401,0.178266665562401
"611",611,0.0081181521057317,0.185450013375903,0.185450013375903
"612",612,0.0197866426024859,0.191815903551904,0.191815903551904
"613",613,0.0262407606477407,0.187299449737293,0.187299449737293
"614",614,0.0332319379735926,0.181265466696658,0.181265466696658
"615",615,0.0455159419536116,0.182146861976942,0.182146861976942
"616",616,0.0539327437150937,0.186360233618907,0.186360233618907
"617",617,0.0581990571371838,0.186508730080579,0.186508730080579
"618",618,0.0573473565014196,0.187485975387815,0.187485975387815
"619",619,0.0496631962964063,0.188988735757619,0.188988735757619
"620",620,0.0374621799090809,0.190878122281131,0.190878122281131
"621",621,0.0218139405829721,0.190308636483909,0.190308636483909
"622",622,0.00495738756666105,0.188266383866801,0.188266383866801
"623",623,-0.0114150341613296,0.189949234413481,0.189949234413481
"624",624,-0.0245350631257044,0.192325296513638,0.192325296513638
"625",625,-0.0336218388503326,0.191606094073509,0.191606094073509
"626",626,-0.039633180045119,0.188714665481721,0.188714665481721
"627",627,-0.0435991164056033,0.183028109000257,0.183028109000257
"628",628,-0.0424726475657549,0.180011045741771,0.180011045741771
"629",629,-0.0325938986728377,0.185971069184868,0.185971069184868
"630",630,-0.0194345468145182,0.190988702029379,0.190988702029379
"631",631,-0.0107516193870971,0.190669642076681,0.190669642076681
"632",632,-0.00597444051988679,0.185051505833354,0.185051505833354
"633",633,-0.00266919440116953,0.179895609483543,0.179895609483543
"634",634,0.00181852463222303,0.178830554492073,0.178830554492073
"635",635,0.0080900865047542,0.188983420881829,0.188983420881829
"636",636,0.0189568991296233,0.197938609959243,0.197938609959243
"637",637,0.0253625201129299,0.196878083703685,0.196878083703685
"638",638,0.0250240395635137,0.188760365915227,0.188760365915227
"639",639,0.0223498969331804,0.183957130181713,0.183957130181713
"640",640,0.0229904813401764,0.185113711990352,0.185113711990352
"641",641,0.0290587590702639,0.189030063555023,0.189030063555023
"642",642,0.0383836385315289,0.19154020637112,0.19154020637112
"643",643,0.0448551411989158,0.195241219044042,0.195241219044042
"644",644,0.0416449995958746,0.192337281974159,0.192337281974159
"645",645,0.03088076661119,0.192358614183164,0.192358614183164
"646",646,0.019239507713356,0.193222394317232,0.193222394317232
"647",647,0.0107275513036406,0.195582273388097,0.195582273388097
"648",648,0.000583286949614705,0.193214689661005,0.193214689661005
"649",649,-0.0116039738103037,0.187530405913594,0.187530405913594
"650",650,-0.0196426270717771,0.185722894168571,0.185722894168571
"651",651,-0.019915914250495,0.185256970295591,0.185256970295591
"652",652,-0.0148966128927493,0.184682787194758,0.184682787194758
"653",653,-0.0120350451490341,0.186477071413866,0.186477071413866
"654",654,-0.00963343177208965,0.186726958454404,0.186726958454404
"655",655,-0.00649387182283878,0.187737951197298,0.187737951197298
"656",656,-0.00411923240637597,0.187980628378578,0.187980628378578
"657",657,-0.00219470874216143,0.189409573518976,0.189409573518976
"658",658,-0.00373983157332365,0.190486292908177,0.190486292908177
"659",659,-0.00666186574342867,0.189768527385237,0.189768527385237
"660",660,-0.0114445116123241,0.185648400200483,0.185648400200483
"661",661,-0.0192109677825268,0.18081296858337,0.18081296858337
"662",662,-0.0235279978870083,0.177124665156992,0.177124665156992
"663",663,-0.0224261990161525,0.179593337641807,0.179593337641807
"664",664,-0.0148154042142768,0.183511111394192,0.183511111394192
"665",665,-0.00504262094547807,0.185357378064887,0.185357378064887
"666",666,0.0092009368573755,0.188968073524007,0.188968073524007
"667",667,0.0268066436275321,0.191621418025421,0.191621418025421
"668",668,0.0476972917864274,0.190545787205104,0.190545787205104
"669",669,0.064310310746512,0.188438645781292,0.188438645781292
"670",670,0.0697243075253014,0.186075239145095,0.186075239145095
"671",671,0.0636990586827604,0.185077745377395,0.185077745377395
"672",672,0.0521900975487002,0.183932237266059,0.183932237266059
"673",673,0.040219835799207,0.186005899267212,0.186005899267212
"674",674,0.0287985846726343,0.190709130784735,0.190709130784735
"675",675,0.0172831794776212,0.190104981036765,0.190104981036765
"676",676,0.00450159877542663,0.184669118426116,0.184669118426116
"677",677,-0.00863587230945615,0.182713494038511,0.182713494038511
"678",678,-0.0213365765004989,0.188248541516504,0.188248541516504
"679",679,-0.0321533230689825,0.197019958844997,0.197019958844997
"680",680,-0.0371384178773197,0.196955038312663,0.196955038312663
"681",681,-0.03543303876699,0.19224596227702,0.19224596227702
"682",682,-0.0314607482765913,0.188310881606483,0.188310881606483
"683",683,-0.0310740591325146,0.190053794633623,0.190053794633623
"684",684,-0.0349518782726492,0.192928033745285,0.192928033745285
"685",685,-0.0381726391818077,0.190157206548258,0.190157206548258
"686",686,-0.0377080787548784,0.184879288355908,0.184879288355908
"687",687,-0.0321779107589347,0.182135469150235,0.182135469150235
"688",688,-0.0227401309320663,0.181858882027369,0.181858882027369
"689",689,-0.0102132443787076,0.188737492656306,0.188737492656306
"690",690,0.00476709722732755,0.193186214493527,0.193186214493527
"691",691,0.0187847575911475,0.187018541014966,0.187018541014966
"692",692,0.0342417678128055,0.183821787754705,0.183821787754705
"693",693,0.0512368507705504,0.190755005672072,0.190755005672072
"694",694,0.064796144014239,0.19405870569249,0.19405870569249
"695",695,0.0735244334479775,0.185817937119393,0.185817937119393
"696",696,0.0784764471911306,0.179522797539077,0.179522797539077
"697",697,0.0772164287405078,0.184961715093253,0.184961715093253
"698",698,0.0672802973330711,0.186663301617402,0.186663301617402
"699",699,0.0492517223743198,0.186175103219759,0.186175103219759
"700",700,0.031927504275858,0.189643200122874,0.189643200122874
"701",701,0.00927103264560892,0.192318741245926,0.192318741245926
"702",702,-0.0124024050152429,0.192124505541053,0.192124505541053
"703",703,-0.0316210872957423,0.188852454287352,0.188852454287352
"704",704,-0.0453423118658939,0.184103216263091,0.184103216263091
"705",705,-0.0569378649465754,0.180363567723334,0.180363567723334
"706",706,-0.0644301515620297,0.178260577620999,0.178260577620999
"707",707,-0.0645973287693032,0.180070968178459,0.180070968178459
"708",708,-0.0568378013948124,0.18225288819156,0.18225288819156
"709",709,-0.0457778826960791,0.18406475429693,0.18406475429693
"710",710,-0.0380068106872081,0.188126398572574,0.188126398572574
"711",711,-0.0311802863110101,0.193350767072005,0.193350767072005
"712",712,-0.0177099476246364,0.195571576858032,0.195571576858032
"713",713,0.0025305982108729,0.192227125342691,0.192227125342691
"714",714,0.021037248988774,0.195353454569948,0.195353454569948
"715",715,0.0277772572848412,0.198037796118553,0.198037796118553
"716",716,0.0311801659473418,0.191972146761697,0.191972146761697
"717",717,0.041457188760278,0.184164277200691,0.184164277200691
"718",718,0.054367179163946,0.18261442112172,0.18261442112172
"719",719,0.0666054421936992,0.187089562423743,0.187089562423743
"720",720,0.0730593383385152,0.189452756734932,0.189452756734932
"721",721,0.0720546147649229,0.186016649946168,0.186016649946168
"722",722,0.0686527741260844,0.186542594409744,0.186542594409744
"723",723,0.0627786980155783,0.193091041285723,0.193091041285723
"724",724,0.0510099638345626,0.190676671188133,0.190676671188133
"725",725,0.0339694571707298,0.187257245600926,0.187257245600926
"726",726,0.0147369399207278,0.1862601354638,0.1862601354638
"727",727,-0.00675464973673427,0.18689795827461,0.18689795827461
"728",728,-0.0296252356758584,0.186525583134094,0.186525583134094
"729",729,-0.0447076598819222,0.185968512128484,0.185968512128484
"730",730,-0.0541726471954985,0.180570583496615,0.180570583496615
"731",731,-0.0596442041667321,0.175560293815853,0.175560293815853
"732",732,-0.0591545420257776,0.17641952821716,0.17641952821716
"733",733,-0.054627429748691,0.17827938284818,0.17827938284818
"734",734,-0.0459437759702911,0.180674948465969,0.180674948465969
"735",735,-0.0346046665306778,0.183942917858198,0.183942917858198
"736",736,-0.0240375172031507,0.186817809490193,0.186817809490193
"737",737,-0.0153952711536186,0.193491192748907,0.193491192748907
"738",738,-0.00951097072054464,0.194587871241734,0.194587871241734
"739",739,-0.00745437871471664,0.1845352363296,0.1845352363296
"740",740,-0.00281926980694852,0.179153164894645,0.179153164894645
"741",741,0.00515772281816392,0.180373632272861,0.180373632272861
"742",742,0.0107567657259135,0.182289362261847,0.182289362261847
"743",743,0.0210869790842251,0.17847226226142,0.17847226226142
"744",744,0.0388838302140166,0.176689803144291,0.176689803144291
"745",745,0.0621779162921106,0.180426063527211,0.180426063527211
"746",746,0.0821081598049457,0.184441207347726,0.184441207347726
"747",747,0.0897902942988446,0.180245695107092,0.180245695107092
"748",748,0.0913759702829757,0.17477998091785,0.17477998091785
"749",749,0.0871791311832136,0.171530597675205,0.171530597675205
"750",750,0.0779402415710866,0.180107543219556,0.180107543219556
"751",751,0.0611190576208933,0.187028663661362,0.187028663661362
"752",752,0.0373029775355935,0.187283753675111,0.187283753675111
"753",753,0.0102487624686503,0.183927207790678,0.183927207790678
"754",754,-0.018281992402807,0.184518204986077,0.184518204986077
"755",755,-0.0426692366816147,0.189014977018414,0.189014977018414
"756",756,-0.0607725821712255,0.192184839078018,0.192184839078018
"757",757,-0.0721712740709926,0.183768404476473,0.183768404476473
"758",758,-0.0791969780067005,0.178353844212411,0.178353844212411
"759",759,-0.0812020636222511,0.177800479247755,0.177800479247755
"760",760,-0.078825742272241,0.179596354736671,0.179596354736671
"761",761,-0.0730963436819557,0.180022522545115,0.180022522545115
"762",762,-0.0633318726114775,0.180819570131817,0.180819570131817
"763",763,-0.0507142930933136,0.183076864712737,0.183076864712737
"764",764,-0.0285259197740386,0.188780678677811,0.188780678677811
"765",765,0.00305295404562479,0.195550303136739,0.195550303136739
"766",766,0.0293267806644583,0.195247175236409,0.195247175236409
"767",767,0.0443583399300707,0.191959535382527,0.191959535382527
"768",768,0.0501294939116635,0.195398117860873,0.195398117860873
"769",769,0.0561061628404305,0.196238323784374,0.196238323784374
"770",770,0.0650502891600012,0.192032443341976,0.192032443341976
"771",771,0.0781544010998075,0.194641444473987,0.194641444473987
"772",772,0.0879004273081559,0.19431659403032,0.19431659403032
"773",773,0.0820106601276625,0.189600047531045,0.189600047531045
"774",774,0.069900636722408,0.183578825210718,0.183578825210718
"775",775,0.0605757707856859,0.178674740527102,0.178674740527102
"776",776,0.0519526323175049,0.18426938513416,0.18426938513416
"777",777,0.0394824852887473,0.190108925686941,0.190108925686941
"778",778,0.0236396163940672,0.192546769620918,0.192546769620918
"779",779,0.00484351975853687,0.197131770487774,0.197131770487774
"780",780,-0.01871984098491,0.200197292433779,0.200197292433779
"781",781,-0.0434406464615357,0.192720179244366,0.192720179244366
"782",782,-0.0663638826612303,0.183564771198061,0.183564771198061
"783",783,-0.0814836119465427,0.175622948316539,0.175622948316539
"784",784,-0.0846686618739066,0.173363378163917,0.173363378163917
"785",785,-0.0826262836157076,0.174613349915861,0.174613349915861
"786",786,-0.0768533570972952,0.180484865500437,0.180484865500437
"787",787,-0.0675496954508698,0.186105417837042,0.186105417837042
"788",788,-0.0514649400152454,0.186284960936492,0.186284960936492
"789",789,-0.0317504746138902,0.186264966236695,0.186264966236695
"790",790,-0.00892593706740367,0.189189898651092,0.189189898651092
"791",791,0.017651786008673,0.189778573586759,0.189778573586759
"792",792,0.041746869646692,0.188968927918933,0.188968927918933
"793",793,0.0556701470208884,0.187725345312207,0.187725345312207
"794",794,0.0566513183500192,0.187666348390403,0.187666348390403
"795",795,0.0510415700333862,0.182794635139158,0.182794635139158
"796",796,0.0522290750610384,0.175238925427092,0.175238925427092
"797",797,0.0653397130066885,0.175161116969012,0.175161116969012
"798",798,0.0859883620959846,0.1774737021589,0.1774737021589
"799",799,0.0979693287003706,0.181631185549946,0.181631185549946
"800",800,0.0878911782147565,0.17876103028037,0.17876103028037
"801",801,0.0639281530581112,0.174293256146433,0.174293256146433
"802",802,0.0391269029185581,0.176005609223052,0.176005609223052
"803",803,0.0180405333419506,0.184645021668328,0.184645021668328
"804",804,-0.00136717859874293,0.191996062907111,0.191996062907111
"805",805,-0.0217802918996299,0.196608503221533,0.196608503221533
"806",806,-0.0437545152934814,0.192539647920742,0.192539647920742
"807",807,-0.0735806796997018,0.179702313010133,0.179702313010133
"808",808,-0.0969396786648411,0.166847546988328,0.166847546988328
"809",809,-0.10320212360878,0.164104838926522,0.164104838926522
"810",810,-0.0938297378571841,0.170432459258871,0.170432459258871
"811",811,-0.076639582647299,0.17662321193114,0.17662321193114
"812",812,-0.0549442883654471,0.182655916223491,0.182655916223491
"813",813,-0.0349282261667552,0.189080902785432,0.189080902785432
"814",814,-0.0221415452383893,0.190995481115041,0.190995481115041
"815",815,-0.0130935633862064,0.192014029526835,0.192014029526835
"816",816,0.00497630619216216,0.191387945902421,0.191387945902421
"817",817,0.0299726213056887,0.194118361564989,0.194118361564989
"818",818,0.0545376732060011,0.179955272919072,0.179955272919072
"819",819,0.0732220831204694,0.175519821873631,0.175519821873631
"820",820,0.0823541650952141,0.181100999427856,0.181100999427856
"821",821,0.0767499645656724,0.177607767720886,0.177607767720886
"822",822,0.0692549745081223,0.16753559217818,0.16753559217818
"823",823,0.0732005694670334,0.165420481476632,0.165420481476632
"824",824,0.085338791140179,0.17175372864258,0.17175372864258
"825",825,0.090862468953143,0.179066926515175,0.179066926515175
"826",826,0.080191420366532,0.183742643103893,0.183742643103893
"827",827,0.0611065676376662,0.185732265293424,0.185732265293424
"828",828,0.0375625398789427,0.189001484166543,0.189001484166543
"829",829,0.0154309779239802,0.193030326070635,0.193030326070635
"830",830,-0.0106132334736387,0.191731060159704,0.191731060159704
"831",831,-0.0378701009487599,0.182503610888994,0.182503610888994
"832",832,-0.0696065836980128,0.170564559789153,0.170564559789153
"833",833,-0.101961566661623,0.163384760693325,0.163384760693325
"834",834,-0.121800433261235,0.157449103036265,0.157449103036265
"835",835,-0.12758598799672,0.156456388667972,0.156456388667972
"836",836,-0.11586548798987,0.160524093437396,0.160524093437396
"837",837,-0.0884792799213216,0.170919310918198,0.170919310918198
"838",838,-0.0556472469660373,0.181509321621363,0.181509321621363
"839",839,-0.0278828101368016,0.187501933312707,0.187501933312707
"840",840,-0.01322770800864,0.192989591736658,0.192989591736658
"841",841,-0.00224279535823022,0.195956041887793,0.195956041887793
"842",842,0.0150356429942189,0.189988104431093,0.189988104431093
"843",843,0.0454419121891236,0.183408289313583,0.183408289313583
"844",844,0.0785291687628124,0.179567655900956,0.179567655900956
"845",845,0.0957103709358142,0.179410539570849,0.179410539570849
"846",846,0.0934279511558506,0.175887168216557,0.175887168216557
"847",847,0.0801206862763735,0.17430951843847,0.17430951843847
"848",848,0.0694706988559646,0.175293899505683,0.175293899505683
"849",849,0.0685063623102208,0.180371431986077,0.180371431986077
"850",850,0.0809559042281015,0.182959482404819,0.182959482404819
"851",851,0.0890731466928458,0.178759557238045,0.178759557238045
"852",852,0.0813984629590529,0.171869028137714,0.171869028137714
"853",853,0.0550521001812979,0.175764310774561,0.175764310774561
"854",854,0.0196073680114152,0.184334233106847,0.184334233106847
"855",855,-0.0109424848773105,0.188547847214273,0.188547847214273
"856",856,-0.0345089903465429,0.18414183347445,0.18414183347445
"857",857,-0.0528048936012823,0.179508501916306,0.179508501916306
"858",858,-0.0641655384507472,0.176855892628378,0.176855892628378
"859",859,-0.0744551596106132,0.173901009164041,0.173901009164041
"860",860,-0.085994527705426,0.171839211921788,0.171839211921788
"861",861,-0.0961641622950749,0.170283713008268,0.170283713008268
"862",862,-0.0990324348442994,0.170407360614072,0.170407360614072
"863",863,-0.088831756066333,0.178054437218738,0.178054437218738
"864",864,-0.0690285881953202,0.184208767293758,0.184208767293758
"865",865,-0.0538101930748958,0.189246212174762,0.189246212174762
"866",866,-0.0473000153991646,0.186925557451408,0.186925557451408
"867",867,-0.0382598213854869,0.181762275047968,0.181762275047968
"868",868,-0.0168324711622169,0.185244051407217,0.185244051407217
"869",869,0.0207141764673903,0.191875389996516,0.191875389996516
"870",870,0.0615370394600656,0.187210180933467,0.187210180933467
"871",871,0.0929082065404952,0.170476322207196,0.170476322207196
"872",872,0.111132759223113,0.1583001985552,0.1583001985552
"873",873,0.110727574143345,0.159851561438853,0.159851561438853
"874",874,0.101326677410793,0.163303219431014,0.163303219431014
"875",875,0.089689591215549,0.164058157074436,0.164058157074436
"876",876,0.0811411558951929,0.168415152603593,0.168415152603593
"877",877,0.0760040476361291,0.175390833637333,0.175390833637333
"878",878,0.0657327732176998,0.181705657612773,0.181705657612773
"879",879,0.0455535183642616,0.182829507377312,0.182829507377312
"880",880,0.0201337527357691,0.182619526372852,0.182619526372852
"881",881,0.00303393480003283,0.183179923071431,0.183179923071431
"882",882,-0.00501913526988067,0.185017440834889,0.185017440834889
"883",883,-0.0134537494097024,0.18760762815809,0.18760762815809
"884",884,-0.0255337655514225,0.188166236560644,0.188166236560644
"885",885,-0.0438326063590367,0.180152083530578,0.180152083530578
"886",886,-0.0683703691778589,0.166671302463091,0.166671302463091
"887",887,-0.0888808678657202,0.156944443581402,0.156944443581402
"888",888,-0.100708065993027,0.156241820063436,0.156241820063436
"889",889,-0.1029640451023,0.159679262304369,0.159679262304369
"890",890,-0.0902997128457437,0.165274476041039,0.165274476041039
"891",891,-0.0695621955999865,0.172571244022498,0.172571244022498
"892",892,-0.0452309160758728,0.18065536914821,0.18065536914821
"893",893,-0.030446142517542,0.186577671231305,0.186577671231305
"894",894,-0.0204171773812293,0.186992614467839,0.186992614467839
"895",895,-0.00802265254456018,0.182178732838096,0.182178732838096
"896",896,0.00860365034822719,0.177145236405195,0.177145236405195
"897",897,0.0332347677406083,0.168268773551759,0.168268773551759
"898",898,0.0606845863192641,0.175532056716546,0.175532056716546
"899",899,0.0852964032891055,0.189673994640808,0.189673994640808
"900",900,0.0924730778110624,0.186449546638197,0.186449546638197
"901",901,0.088019442666784,0.167363093637415,0.167363093637415
"902",902,0.0850679313891978,0.154886987579378,0.154886987579378
"903",903,0.0968622458606624,0.149053242061399,0.149053242061399
"904",904,0.106300424601727,0.152721835143485,0.152721835143485
"905",905,0.0924299036149063,0.158999815119848,0.158999815119848
"906",906,0.055848665627201,0.16261843628032,0.16261843628032
"907",907,0.0258368454712555,0.176906731894701,0.176906731894701
"908",908,0.0106441693925946,0.190446846775145,0.190446846775145
"909",909,-0.00940502394732676,0.195982293959727,0.195982293959727
"910",910,-0.0272634310453171,0.18235596284215,0.18235596284215
"911",911,-0.0450331693229658,0.167651027570048,0.167651027570048
"912",912,-0.0711768357023677,0.167333693842281,0.167333693842281
"913",913,-0.0993295136927264,0.165865122858755,0.165865122858755
"914",914,-0.116151260303553,0.162070236373592,0.162070236373592
"915",915,-0.115787701861979,0.151634072122236,0.151634072122236
"916",916,-0.10379870349493,0.147386242252572,0.147386242252572
"917",917,-0.0865230522252671,0.153371317036528,0.153371317036528
"918",918,-0.0497506313724178,0.163644905895371,0.163644905895371
"919",919,-0.00444336886789686,0.180003048900267,0.180003048900267
"920",920,0.0294486481818835,0.184484464113838,0.184484464113838
"921",921,0.0474398798949641,0.178811147195197,0.178811147195197
"922",922,0.0533396241894788,0.165487983146285,0.165487983146285
"923",923,0.0594458010416953,0.150229612884685,0.150229612884685
"924",924,0.0646644933063114,0.169690330978075,0.169690330978075
"925",925,0.0574129041798881,0.176782860395607,0.176782860395607
"926",926,0.0387892666586503,0.166555668673751,0.166555668673751
"927",927,0.0256398033548344,0.168381519307744,0.168381519307744
"928",928,0.0196416883996564,0.168157092167445,0.168157092167445
"929",929,0.0217882712944494,0.163684108333911,0.163684108333911
"930",930,0.0280086005359257,0.163126031750757,0.163126031750757
"931",931,0.0406268406291457,0.155206245773465,0.155206245773465
"932",932,0.0609502392224789,0.147774309349559,0.147774309349559
"933",933,0.0691955941369449,0.147849010794736,0.147849010794736
"934",934,0.0515619115378571,0.145996593838101,0.145996593838101
"935",935,0.0118911643314555,0.149005049884254,0.149005049884254
"936",936,-0.0203306906454505,0.133796906553474,0.133796906553474
"937",937,-0.035043639441823,0.130789627098541,0.130789627098541
"938",938,-0.0317845182289733,0.136335599020077,0.136335599020077
"939",939,-0.0199946934709621,0.147260398813508,0.147260398813508
"940",940,-0.02664593932007,0.147801421129586,0.147801421129586
"941",941,-0.0543916116476418,0.12565656470847,0.12565656470847
"942",942,-0.0859483421095371,0.122949546910841,0.122949546910841
"943",943,-0.111377987141488,0.118466199496699,0.118466199496699
"944",944,-0.127607671457266,0.108329131816409,0.108329131816409
"945",945,-0.134356980027181,0.102682624726356,0.102682624726356
"946",946,-0.111745409395882,0.105648024829305,0.105648024829305
"947",947,-0.0339162152608969,0.126896536212898,0.126896536212898
"948",948,0.0616118433573184,0.164289286960799,0.164289286960799
"949",949,0.142352515482493,0.163171665720995,0.163171665720995
"950",950,0.204644249629144,0.107280431008295,0.107280431008295
"951",951,0.190921520913293,0.0900493505784185,0.0900493505784185
"952",952,0.147903199712466,0.102770451076018,0.102770451076018
"953",953,NA,NA,NA
